acronym,name,color_hex_triplet,graph_order,identifier,red,green,blue,parent_identifier,Count,count
FRP,"Frontal pole, cerebral cortex",#268F45,6.0,MBA:184,38.0,143.0,69.0,MBA:315,,4
MOp,Primary motor area,#1F9D5A,18.0,MBA:985,31.0,157.0,90.0,MBA:500,,0
MOs,Secondary motor area,#1F9D5A,24.0,MBA:993,31.0,157.0,90.0,MBA:500,,3
SSp-n,"Primary somatosensory area, nose",#188064,44.0,MBA:353,24.0,128.0,100.0,MBA:322,,1
SSp-bfd,"Primary somatosensory area, barrel field",#188064,51.0,MBA:329,24.0,128.0,100.0,MBA:322,,13
SSp-ll,"Primary somatosensory area, lower limb",#188064,65.0,MBA:337,24.0,128.0,100.0,MBA:322,,0
SSp-m,"Primary somatosensory area, mouth",#188064,72.0,MBA:345,24.0,128.0,100.0,MBA:322,,2
SSp-ul,"Primary somatosensory area, upper limb",#188064,79.0,MBA:369,24.0,128.0,100.0,MBA:322,,0
SSp-tr,"Primary somatosensory area, trunk",#188064,86.0,MBA:361,24.0,128.0,100.0,MBA:322,,0
SSp-un,"Primary somatosensory area, unassigned",#188064,93.0,MBA:182305689,24.0,128.0,100.0,MBA:322,,2
SSs,Supplemental somatosensory area,#188064,100.0,MBA:378,24.0,128.0,100.0,MBA:453,,9
GU,Gustatory areas,#009C75,107.0,MBA:1057,0.0,156.0,117.0,MBA:315,,0
VISC,Visceral area,#11AD83,114.0,MBA:677,17.0,173.0,131.0,MBA:315,,2
AUDd,Dorsal auditory area,#019399,122.0,MBA:1011,1.0,147.0,153.0,MBA:247,,16
AUDp,Primary auditory area,#019399,136.0,MBA:1002,1.0,147.0,153.0,MBA:247,,16
AUDpo,Posterior auditory area,#019399,143.0,MBA:1027,1.0,147.0,153.0,MBA:247,,3
AUDv,Ventral auditory area,#019399,150.0,MBA:1018,1.0,147.0,153.0,MBA:247,,5
VISal,Anterolateral visual area,#08858C,164.0,MBA:402,8.0,133.0,140.0,MBA:669,,4
VISam,Anteromedial visual area,#08858C,171.0,MBA:394,8.0,133.0,140.0,MBA:669,,2
VISl,Lateral visual area,#08858C,178.0,MBA:409,8.0,133.0,140.0,MBA:669,,3
VISp,Primary visual area,#08858C,185.0,MBA:385,8.0,133.0,140.0,MBA:669,,5
VISpl,Posterolateral visual area,#08858C,192.0,MBA:425,8.0,133.0,140.0,MBA:669,,1
VISpm,posteromedial visual area,#08858C,199.0,MBA:533,8.0,133.0,140.0,MBA:669,,1
VISli,Laterointermediate area,#08858C,206.0,MBA:312782574,8.0,133.0,140.0,MBA:669,,0
VISpor,Postrhinal area,#08858C,213.0,MBA:312782628,8.0,133.0,140.0,MBA:669,,1
ACAd,"Anterior cingulate area, dorsal part",#40A666,226.0,MBA:39,64.0,166.0,102.0,MBA:31,,2
ACAv,"Anterior cingulate area, ventral part",#40A666,232.0,MBA:48,64.0,166.0,102.0,MBA:31,,6
PL,Prelimbic area,#2FA850,238.0,MBA:972,47.0,168.0,80.0,MBA:315,,62
ILA,Infralimbic area,#59B363,245.0,MBA:44,89.0,179.0,99.0,MBA:315,,72
ORBl,"Orbital area, lateral part",#248A5E,258.0,MBA:723,36.0,138.0,94.0,MBA:714,,864
ORBm,"Orbital area, medial part",#248A5E,264.0,MBA:731,36.0,138.0,94.0,MBA:714,,419
ORBvl,"Orbital area, ventrolateral part",#248A5E,272.0,MBA:746,36.0,138.0,94.0,MBA:714,,899
AId,"Agranular insular area, dorsal part",#219866,279.0,MBA:104,33.0,152.0,102.0,MBA:95,,12
AIp,"Agranular insular area, posterior part",#219866,285.0,MBA:111,33.0,152.0,102.0,MBA:95,,0
AIv,"Agranular insular area, ventral part",#219866,291.0,MBA:119,33.0,152.0,102.0,MBA:95,,46
RSPagl,"Retrosplenial area, lateral agranular part",#1AA698,298.0,MBA:894,26.0,166.0,152.0,MBA:254,,4
RSPd,"Retrosplenial area, dorsal part",#1AA698,325.0,MBA:879,26.0,166.0,152.0,MBA:254,,2
RSPv,"Retrosplenial area, ventral part",#1AA698,332.0,MBA:886,26.0,166.0,152.0,MBA:254,,1
VISa,Anterior area,#009FAC,346.0,MBA:312782546,0.0,159.0,172.0,MBA:22,,2
VISrl,Rostrolateral visual area,#009FAC,353.0,MBA:417,0.0,159.0,172.0,MBA:22,,4
TEa,Temporal association areas,#15B0B3,360.0,MBA:541,21.0,176.0,179.0,MBA:315,,1
PERI,Perirhinal area,#0E9684,367.0,MBA:922,14.0,150.0,132.0,MBA:315,,6
ECT,Ectorhinal area,#0D9F91,373.0,MBA:895,13.0,159.0,145.0,MBA:315,,3
MOB,Main olfactory bulb,#9AD2BD,380.0,MBA:507,154.0,210.0,189.0,MBA:698,,48
AOB,Accessory olfactory bulb,#9DF0D2,386.0,MBA:151,157.0,240.0,210.0,MBA:698,,0
AON,Anterior olfactory nucleus,#54BF94,390.0,MBA:159,84.0,191.0,148.0,MBA:698,,120
TT,Taenia tecta,#62D09F,398.0,MBA:589,98.0,208.0,159.0,MBA:698,,343
DP,Dorsal peduncular area,#A4DAA4,410.0,MBA:814,164.0,218.0,164.0,MBA:698,,46
PIR,Piriform area,#6ACBBA,416.0,MBA:961,106.0,203.0,186.0,MBA:698,,7
NLOT,Nucleus of the lateral olfactory tract,#95E4C8,421.0,MBA:619,149.0,228.0,200.0,MBA:698,,0
COAa,"Cortical amygdalar area, anterior part",#61E7B7,427.0,MBA:639,97.0,231.0,183.0,MBA:631,,0
COAp,"Cortical amygdalar area, posterior part",#61E7B7,431.0,MBA:647,97.0,231.0,183.0,MBA:631,,0
PAA,Piriform-amygdalar area,#59DAAB,444.0,MBA:788,89.0,218.0,171.0,MBA:698,,0
TR,Postpiriform transition area,#A8ECD3,449.0,MBA:566,168.0,236.0,211.0,MBA:698,,0
CA1,Field CA1,#7ED04B,457.0,MBA:382,126.0,208.0,75.0,MBA:375,1810.0,1810
CA2,Field CA2,#7ED04B,462.0,MBA:423,126.0,208.0,75.0,MBA:375,,225
CA3,Field CA3,#7ED04B,467.0,MBA:463,126.0,208.0,75.0,MBA:375,,476
DG,Dentate gyrus,#7ED04B,473.0,MBA:726,126.0,208.0,75.0,MBA:1080,,95
FC,Fasciola cinerea,#7ED04B,490.0,MBA:982,126.0,208.0,75.0,MBA:1080,,0
IG,Induseum griseum,#7ED04B,491.0,MBA:19,126.0,208.0,75.0,MBA:1080,,15
ENTl,"Entorhinal area, lateral part",#32B825,494.0,MBA:918,50.0,184.0,37.0,MBA:909,,8
ENTm,"Entorhinal area, medial part, dorsal zone",#32B825,507.0,MBA:926,50.0,184.0,37.0,MBA:909,,22
PAR,Parasubiculum,#72D569,523.0,MBA:843,114.0,213.0,105.0,MBA:822,,4
POST,Postsubiculum,#48C83C,527.0,MBA:1037,72.0,200.0,60.0,MBA:822,,13
PRE,Presubiculum,#59B947,531.0,MBA:1084,89.0,185.0,71.0,MBA:822,,1
SUB,Subiculum,#4FC244,535.0,MBA:502,79.0,194.0,68.0,MBA:822,,21
ProS,Prosubiculum,#58BA48,544.0,MBA:484682470,88.0,186.0,72.0,MBA:822,,41
HATA,Hippocampo-amygdalar transition area,#33B932,553.0,MBA:589508447,51.0,185.0,50.0,MBA:822,,0
APr,Area prostriata,#33B932,554.0,MBA:484682508,51.0,185.0,50.0,MBA:822,,1
CLA,Claustrum,#8ADA87,557.0,MBA:583,138.0,218.0,135.0,MBA:703,,0
EPd,"Endopiriform nucleus, dorsal part",#A0EE9D,559.0,MBA:952,160.0,238.0,157.0,MBA:942,,0
EPv,"Endopiriform nucleus, ventral part",#A0EE9D,560.0,MBA:966,160.0,238.0,157.0,MBA:942,,0
LA,Lateral amygdalar nucleus,#90EB8D,561.0,MBA:131,144.0,235.0,141.0,MBA:703,,0
BLA,Basolateral amygdalar nucleus,#9DE79C,562.0,MBA:295,157.0,231.0,156.0,MBA:703,,0
BMA,Basomedial amygdalar nucleus,#84EA81,566.0,MBA:319,132.0,234.0,129.0,MBA:703,,0
PA,Posterior amygdalar nucleus,#97EC93,569.0,MBA:780,151.0,236.0,147.0,MBA:703,,0
CP,Caudoputamen,#98D6F9,573.0,MBA:672,152.0,214.0,249.0,MBA:485,,5
ACB,Nucleus accumbens,#80CDF8,575.0,MBA:56,128.0,205.0,248.0,MBA:493,,3
FS,Fundus of striatum,#80CDF8,576.0,MBA:998,128.0,205.0,248.0,MBA:493,,0
OT,Olfactory tubercle,#80CDF8,577.0,MBA:754,128.0,205.0,248.0,MBA:493,,38
LSc,"Lateral septal nucleus, caudal (caudodorsal) part",#90CBED,587.0,MBA:250,144.0,203.0,237.0,MBA:242,,0
LSr,"Lateral septal nucleus, rostral (rostroventral) part",#90CBED,588.0,MBA:258,144.0,203.0,237.0,MBA:242,,2
LSv,"Lateral septal nucleus, ventral part",#90CBED,589.0,MBA:266,144.0,203.0,237.0,MBA:242,,0
SF,Septofimbrial nucleus,#90CBED,590.0,MBA:310,144.0,203.0,237.0,MBA:275,,0
SH,Septohippocampal nucleus,#90CBED,591.0,MBA:333,144.0,203.0,237.0,MBA:275,,0
AAA,Anterior amygdalar area,#80C0E2,593.0,MBA:23,128.0,192.0,226.0,MBA:278,,0
BA,Bed nucleus of the accessory olfactory tract,#80C0E2,594.0,MBA:292,128.0,192.0,226.0,MBA:278,,0
CEA,Central amygdalar nucleus,#80C0E2,595.0,MBA:536,128.0,192.0,226.0,MBA:278,,0
IA,Intercalated amygdalar nucleus,#80C0E2,599.0,MBA:1105,128.0,192.0,226.0,MBA:278,,0
MEA,Medial amygdalar nucleus,#80C0E2,600.0,MBA:403,128.0,192.0,226.0,MBA:278,,0
GPe,"Globus pallidus, external segment",#8599CC,610.0,MBA:1022,133.0,153.0,204.0,MBA:818,,0
GPi,"Globus pallidus, internal segment",#8599CC,611.0,MBA:1031,133.0,153.0,204.0,MBA:818,,0
SI,Substantia innominata,#A2B1D8,613.0,MBA:342,162.0,177.0,216.0,MBA:835,,0
MA,Magnocellular nucleus,#A2B1D8,614.0,MBA:298,162.0,177.0,216.0,MBA:835,,0
MS,Medial septal nucleus,#96A7D3,617.0,MBA:564,150.0,167.0,211.0,MBA:904,,3
NDB,Diagonal band nucleus,#96A7D3,618.0,MBA:596,150.0,167.0,211.0,MBA:904,,31
TRS,Triangular nucleus of septum,#96A7D3,619.0,MBA:581,150.0,167.0,211.0,MBA:826,,0
BST,Bed nuclei of the stria terminalis,#B3C0DF,621.0,MBA:351,179.0,192.0,223.0,MBA:809,,0
BAC,Bed nucleus of the anterior commissure,#B3C0DF,638.0,MBA:287,179.0,192.0,223.0,MBA:809,,0
VAL,Ventral anterior-lateral complex of the thalamus,#FF8084,644.0,MBA:629,255.0,128.0,132.0,MBA:637,,0
VM,Ventral medial nucleus of the thalamus,#FF8084,645.0,MBA:685,255.0,128.0,132.0,MBA:637,,0
VPL,Ventral posterolateral nucleus of the thalamus,#FF8084,647.0,MBA:718,255.0,128.0,132.0,MBA:709,,0
VPLpc,"Ventral posterolateral nucleus of the thalamus, parvicellular part",#FF8084,648.0,MBA:725,255.0,128.0,132.0,MBA:709,,0
VPM,Ventral posteromedial nucleus of the thalamus,#FF8084,649.0,MBA:733,255.0,128.0,132.0,MBA:709,,0
VPMpc,"Ventral posteromedial nucleus of the thalamus, parvicellular part",#FF8084,650.0,MBA:741,255.0,128.0,132.0,MBA:709,,0
PoT,Posterior triangular thalamic nucleus,#FF8084,651.0,MBA:563807435,255.0,128.0,132.0,MBA:637,,0
SPFm,"Subparafascicular nucleus, magnocellular part",#FF8084,653.0,MBA:414,255.0,128.0,132.0,MBA:406,,0
SPFp,"Subparafascicular nucleus, parvicellular part",#FF8084,654.0,MBA:422,255.0,128.0,132.0,MBA:406,,0
SPA,Subparafascicular area,#FF8084,655.0,MBA:609,255.0,128.0,132.0,MBA:864,,0
PP,Peripeduncular nucleus,#FF8084,656.0,MBA:1044,255.0,128.0,132.0,MBA:864,,0
MG,Medial geniculate complex,#FF8084,658.0,MBA:475,255.0,128.0,132.0,MBA:1008,,0
LGd,Dorsal part of the lateral geniculate complex,#FF8084,662.0,MBA:170,255.0,128.0,132.0,MBA:1008,,0
LP,Lateral posterior nucleus of the thalamus,#FF909F,668.0,MBA:218,255.0,144.0,159.0,MBA:138,,0
PO,Posterior complex of the thalamus,#FF909F,669.0,MBA:1020,255.0,144.0,159.0,MBA:138,,0
POL,Posterior limiting nucleus of the thalamus,#FF909F,670.0,MBA:1029,255.0,144.0,159.0,MBA:138,,0
SGN,Suprageniculate nucleus,#FF909F,671.0,MBA:325,255.0,144.0,159.0,MBA:138,,0
Eth,Ethmoid nucleus of the thalamus,#FF909F,672.0,MBA:560581551,255.0,144.0,159.0,MBA:138,,0
AV,Anteroventral nucleus of thalamus,#FF909F,675.0,MBA:255,255.0,144.0,159.0,MBA:239,,0
AM,Anteromedial nucleus,#FF909F,676.0,MBA:127,255.0,144.0,159.0,MBA:239,,0
AD,Anterodorsal nucleus,#FF909F,679.0,MBA:64,255.0,144.0,159.0,MBA:239,,0
IAM,Interanteromedial nucleus of the thalamus,#FF909F,680.0,MBA:1120,255.0,144.0,159.0,MBA:239,,0
IAD,Interanterodorsal nucleus of the thalamus,#FF909F,681.0,MBA:1113,255.0,144.0,159.0,MBA:239,,0
LD,Lateral dorsal nucleus of thalamus,#FF909F,682.0,MBA:155,255.0,144.0,159.0,MBA:239,,0
IMD,Intermediodorsal nucleus of the thalamus,#FF909F,684.0,MBA:59,255.0,144.0,159.0,MBA:444,,0
MD,Mediodorsal nucleus of thalamus,#FF909F,685.0,MBA:362,255.0,144.0,159.0,MBA:444,,0
SMT,Submedial nucleus of the thalamus,#FF909F,689.0,MBA:366,255.0,144.0,159.0,MBA:444,,0
PR,Perireunensis nucleus,#FF909F,690.0,MBA:1077,255.0,144.0,159.0,MBA:444,,0
PVT,Paraventricular nucleus of the thalamus,#FF909F,692.0,MBA:149,255.0,144.0,159.0,MBA:571,,1
PT,Parataenial nucleus,#FF909F,693.0,MBA:15,255.0,144.0,159.0,MBA:571,,0
RE,Nucleus of reuniens,#FF909F,694.0,MBA:181,255.0,144.0,159.0,MBA:571,,0
Xi,Xiphoid thalamic nucleus,#FF909F,695.0,MBA:560581559,255.0,144.0,159.0,MBA:571,,0
RH,Rhomboid nucleus,#FF909F,697.0,MBA:189,255.0,144.0,159.0,MBA:51,,0
CM,Central medial nucleus of the thalamus,#FF909F,698.0,MBA:599,255.0,144.0,159.0,MBA:51,,0
PCN,Paracentral nucleus,#FF909F,699.0,MBA:907,255.0,144.0,159.0,MBA:51,,0
CL,Central lateral nucleus of the thalamus,#FF909F,700.0,MBA:575,255.0,144.0,159.0,MBA:51,,0
PF,Parafascicular nucleus,#FF909F,701.0,MBA:930,255.0,144.0,159.0,MBA:51,,0
PIL,Posterior intralaminar thalamic nucleus,#FF909F,702.0,MBA:560581563,255.0,144.0,159.0,MBA:51,,0
RT,Reticular nucleus of the thalamus,#FF909F,703.0,MBA:262,255.0,144.0,159.0,MBA:856,,0
IGL,Intergeniculate leaflet of the lateral geniculate complex,#FF909F,705.0,MBA:27,255.0,144.0,159.0,MBA:1014,,0
IntG,Intermediate geniculate nucleus,#FF909F,706.0,MBA:563807439,255.0,144.0,159.0,MBA:1014,,0
LGv,Ventral part of the lateral geniculate complex,#FF909F,707.0,MBA:178,255.0,144.0,159.0,MBA:1014,,0
SubG,Subgeniculate nucleus,#FF909F,710.0,MBA:321,255.0,144.0,159.0,MBA:1014,,0
MH,Medial habenula,#FF909F,712.0,MBA:483,255.0,144.0,159.0,MBA:958,,0
LH,Lateral habenula,#FF909F,713.0,MBA:186,255.0,144.0,159.0,MBA:958,,0
SO,Supraoptic nucleus,#FF5D50,717.0,MBA:390,255.0,93.0,80.0,MBA:157,,0
ASO,Accessory supraoptic group,#FF5D50,718.0,MBA:332,255.0,93.0,80.0,MBA:157,,0
PVH,Paraventricular hypothalamic nucleus,#FF5D50,720.0,MBA:38,255.0,93.0,80.0,MBA:157,,0
PVa,"Periventricular hypothalamic nucleus, anterior part",#FF5D50,731.0,MBA:30,255.0,93.0,80.0,MBA:157,,0
PVi,"Periventricular hypothalamic nucleus, intermediate part",#FF5D50,732.0,MBA:118,255.0,93.0,80.0,MBA:157,,0
ARH,Arcuate hypothalamic nucleus,#FF5D50,733.0,MBA:223,255.0,93.0,80.0,MBA:157,,0
ADP,Anterodorsal preoptic nucleus,#FF5547,735.0,MBA:72,255.0,85.0,71.0,MBA:141,,0
AVP,Anteroventral preoptic nucleus,#FF5547,737.0,MBA:263,255.0,85.0,71.0,MBA:141,,0
AVPV,Anteroventral periventricular nucleus,#FF5547,738.0,MBA:272,255.0,85.0,71.0,MBA:141,,0
DMH,Dorsomedial nucleus of the hypothalamus,#FF5547,739.0,MBA:830,255.0,85.0,71.0,MBA:141,,0
MEPO,Median preoptic nucleus,#FF5547,743.0,MBA:452,255.0,85.0,71.0,MBA:141,,0
MPO,Medial preoptic area,#FF5547,744.0,MBA:523,255.0,85.0,71.0,MBA:141,,0
OV,Vascular organ of the lamina terminalis,#FF5547,745.0,MBA:763,255.0,85.0,71.0,MBA:141,,0
PD,Posterodorsal preoptic nucleus,#FF5547,746.0,MBA:914,255.0,85.0,71.0,MBA:141,,0
PS,Parastrial nucleus,#FF5547,747.0,MBA:1109,255.0,85.0,71.0,MBA:141,,0
PVp,"Periventricular hypothalamic nucleus, posterior part",#FF5547,749.0,MBA:126,255.0,85.0,71.0,MBA:141,,0
PVpo,"Periventricular hypothalamic nucleus, preoptic part",#FF5547,750.0,MBA:133,255.0,85.0,71.0,MBA:141,,0
SBPV,Subparaventricular zone,#FF5547,751.0,MBA:347,255.0,85.0,71.0,MBA:141,,0
SCH,Suprachiasmatic nucleus,#FF5547,752.0,MBA:286,255.0,85.0,71.0,MBA:141,,0
SFO,Subfornical organ,#FF5547,753.0,MBA:338,255.0,85.0,71.0,MBA:141,,0
VMPO,Ventromedial preoptic nucleus,#FF5547,754.0,MBA:576073699,255.0,85.0,71.0,MBA:141,,0
VLPO,Ventrolateral preoptic nucleus,#FF5547,755.0,MBA:689,255.0,85.0,71.0,MBA:141,,0
AHN,Anterior hypothalamic nucleus,#FF4C3E,757.0,MBA:88,255.0,76.0,62.0,MBA:467,,0
LM,Lateral mammillary nucleus,#FF4C3E,763.0,MBA:210,255.0,76.0,62.0,MBA:331,,0
MM,Medial mammillary nucleus,#FF4C3E,764.0,MBA:491,255.0,76.0,62.0,MBA:331,,1
SUM,Supramammillary nucleus,#FF4C3E,770.0,MBA:525,255.0,76.0,62.0,MBA:331,,0
TMd,"Tuberomammillary nucleus, dorsal part",#FF4C3E,774.0,MBA:1126,255.0,76.0,62.0,MBA:557,,0
TMv,"Tuberomammillary nucleus, ventral part",#FF4C3E,775.0,MBA:1,255.0,76.0,62.0,MBA:557,,0
MPN,Medial preoptic nucleus,#FF4C3E,776.0,MBA:515,255.0,76.0,62.0,MBA:467,,0
PMd,Dorsal premammillary nucleus,#FF4C3E,780.0,MBA:980,255.0,76.0,62.0,MBA:467,,0
PMv,Ventral premammillary nucleus,#FF4C3E,781.0,MBA:1004,255.0,76.0,62.0,MBA:467,,0
PVHd,"Paraventricular hypothalamic nucleus, descending division",#FF4C3E,782.0,MBA:63,255.0,76.0,62.0,MBA:467,,0
VMH,Ventromedial hypothalamic nucleus,#FF4C3E,787.0,MBA:693,255.0,76.0,62.0,MBA:467,,0
PH,Posterior hypothalamic nucleus,#FF4C3E,792.0,MBA:946,255.0,76.0,62.0,MBA:467,,0
LHA,Lateral hypothalamic area,#F2483B,794.0,MBA:194,242.0,72.0,59.0,MBA:290,,0
LPO,Lateral preoptic area,#F2483B,795.0,MBA:226,242.0,72.0,59.0,MBA:290,,0
PST,Preparasubthalamic nucleus,#F2483B,796.0,MBA:356,242.0,72.0,59.0,MBA:290,,0
PSTN,Parasubthalamic nucleus,#F2483B,797.0,MBA:364,242.0,72.0,59.0,MBA:290,,0
PeF,Perifornical nucleus,#F2483B,798.0,MBA:576073704,242.0,72.0,59.0,MBA:290,,0
RCH,Retrochiasmatic area,#F2483B,799.0,MBA:173,242.0,72.0,59.0,MBA:290,,0
STN,Subthalamic nucleus,#F2483B,800.0,MBA:470,242.0,72.0,59.0,MBA:290,,0
TU,Tuberal nucleus,#F2483B,801.0,MBA:614,242.0,72.0,59.0,MBA:290,,1
ZI,Zona incerta,#F2483B,802.0,MBA:797,242.0,72.0,59.0,MBA:290,,0
ME,Median eminence,#F2483B,805.0,MBA:10671,242.0,72.0,59.0,MBA:1097,,0
SCs,"Superior colliculus, sensory related",#FF7AFF,808.0,MBA:302,255.0,122.0,255.0,MBA:339,,0
IC,Inferior colliculus,#FF7AFF,812.0,MBA:4,255.0,122.0,255.0,MBA:339,,0
NB,Nucleus of the brachium of the inferior colliculus,#FF7AFF,816.0,MBA:580,255.0,122.0,255.0,MBA:339,,0
SAG,Nucleus sagulum,#FF7AFF,817.0,MBA:271,255.0,122.0,255.0,MBA:339,,0
PBG,Parabigeminal nucleus,#FF7AFF,818.0,MBA:874,255.0,122.0,255.0,MBA:339,,0
MEV,Midbrain trigeminal nucleus,#FF7AFF,819.0,MBA:460,255.0,122.0,255.0,MBA:339,,0
SCO,Subcommissural organ,#FF7AFF,820.0,MBA:599626923,255.0,122.0,255.0,MBA:339,,0
SNr,"Substantia nigra, reticular part",#FF90FF,822.0,MBA:381,255.0,144.0,255.0,MBA:323,,0
VTA,Ventral tegmental area,#FF90FF,823.0,MBA:749,255.0,144.0,255.0,MBA:323,,0
PN,Paranigral nucleus,#FF90FF,824.0,MBA:607344830,255.0,144.0,255.0,MBA:323,,0
RR,"Midbrain reticular nucleus, retrorubral area",#FF90FF,825.0,MBA:246,255.0,144.0,255.0,MBA:323,,0
MRN,Midbrain reticular nucleus,#FF90FF,826.0,MBA:128,255.0,144.0,255.0,MBA:323,,0
SCm,"Superior colliculus, motor related",#FF90FF,830.0,MBA:294,255.0,144.0,255.0,MBA:323,,0
PAG,Periaqueductal gray,#FF90FF,838.0,MBA:795,255.0,144.0,255.0,MBA:323,,0
APN,Anterior pretectal nucleus,#FF90FF,844.0,MBA:215,255.0,144.0,255.0,MBA:1100,,0
MPT,Medial pretectal area,#FF90FF,845.0,MBA:531,255.0,144.0,255.0,MBA:1100,,0
NOT,Nucleus of the optic tract,#FF90FF,846.0,MBA:628,255.0,144.0,255.0,MBA:1100,,0
NPC,Nucleus of the posterior commissure,#FF90FF,847.0,MBA:634,255.0,144.0,255.0,MBA:1100,,0
OP,Olivary pretectal nucleus,#FF90FF,848.0,MBA:706,255.0,144.0,255.0,MBA:1100,,0
PPT,Posterior pretectal nucleus,#FF90FF,849.0,MBA:1061,255.0,144.0,255.0,MBA:1100,,0
RPF,Retroparafascicular nucleus,#FF90FF,850.0,MBA:549009203,255.0,144.0,255.0,MBA:1100,,0
CUN,Cuneiform nucleus,#FF90FF,852.0,MBA:616,255.0,144.0,255.0,MBA:323,,0
RN,Red nucleus,#FF90FF,853.0,MBA:214,255.0,144.0,255.0,MBA:323,,0
III,Oculomotor nucleus,#FF90FF,854.0,MBA:35,255.0,144.0,255.0,MBA:323,,0
MA3,Medial accesory oculomotor nucleus,#FF90FF,855.0,MBA:549009211,255.0,144.0,255.0,MBA:323,,0
EW,Edinger-Westphal nucleus,#FF90FF,856.0,MBA:975,255.0,144.0,255.0,MBA:323,,0
IV,Trochlear nucleus,#FF90FF,857.0,MBA:115,255.0,144.0,255.0,MBA:323,,0
Pa4,Paratrochlear nucleus,#FF90FF,858.0,MBA:606826663,255.0,144.0,255.0,MBA:323,,0
VTN,Ventral tegmental nucleus,#FF90FF,859.0,MBA:757,255.0,144.0,255.0,MBA:323,,0
AT,Anterior tegmental nucleus,#FF90FF,860.0,MBA:231,255.0,144.0,255.0,MBA:323,,0
LT,Lateral terminal nucleus of the accessory optic tract,#FF90FF,861.0,MBA:66,255.0,144.0,255.0,MBA:323,,0
DT,Dorsal terminal nucleus of the accessory optic tract,#FF90FF,862.0,MBA:75,255.0,144.0,255.0,MBA:323,,0
MT,Medial terminal nucleus of the accessory optic tract,#FF90FF,863.0,MBA:58,255.0,144.0,255.0,MBA:323,,0
SNc,"Substantia nigra, compact part",#FFA6FF,866.0,MBA:374,255.0,166.0,255.0,MBA:348,,0
PPN,Pedunculopontine nucleus,#FFA6FF,867.0,MBA:1052,255.0,166.0,255.0,MBA:348,,0
IF,Interfascicular nucleus raphe,#FFA6FF,869.0,MBA:12,255.0,166.0,255.0,MBA:165,,0
IPN,Interpeduncular nucleus,#FFA6FF,870.0,MBA:100,255.0,166.0,255.0,MBA:165,,0
RL,Rostral linear nucleus raphe,#FFA6FF,879.0,MBA:197,255.0,166.0,255.0,MBA:165,,0
CLI,Central linear nucleus raphe,#FFA6FF,880.0,MBA:591,255.0,166.0,255.0,MBA:165,,0
DR,Dorsal nucleus raphe,#FFA6FF,881.0,MBA:872,255.0,166.0,255.0,MBA:165,,0
NLL,Nucleus of the lateral lemniscus,#FFAE6F,885.0,MBA:612,255.0,174.0,111.0,MBA:1132,,0
PSV,Principal sensory nucleus of the trigeminal,#FFAE6F,889.0,MBA:7,255.0,174.0,111.0,MBA:1132,,0
PB,Parabrachial nucleus,#FFAE6F,890.0,MBA:867,255.0,174.0,111.0,MBA:1132,,0
SOC,Superior olivary complex,#FFAE6F,902.0,MBA:398,255.0,174.0,111.0,MBA:1132,,0
B,Barrington's nucleus,#FFBA86,907.0,MBA:280,255.0,186.0,134.0,MBA:987,,0
DTN,Dorsal tegmental nucleus,#FFBA86,908.0,MBA:880,255.0,186.0,134.0,MBA:987,,0
PDTg,Posterodorsal tegmental nucleus,#FFBA86,910.0,MBA:599626927,255.0,186.0,134.0,MBA:987,,0
PCG,Pontine central gray,#FFBA86,911.0,MBA:898,255.0,186.0,134.0,MBA:987,,0
PG,Pontine gray,#FFBA86,912.0,MBA:931,255.0,186.0,134.0,MBA:987,,0
PRNc,"Pontine reticular nucleus, caudal part",#FFBA86,913.0,MBA:1093,255.0,186.0,134.0,MBA:987,,0
SG,Supragenual nucleus,#FFBA86,915.0,MBA:318,255.0,186.0,134.0,MBA:987,,0
SUT,Supratrigeminal nucleus,#FFBA86,917.0,MBA:534,255.0,186.0,134.0,MBA:987,,0
TRN,Tegmental reticular nucleus,#FFBA86,918.0,MBA:574,255.0,186.0,134.0,MBA:987,,1
V,Motor nucleus of trigeminal,#FFBA86,919.0,MBA:621,255.0,186.0,134.0,MBA:987,,0
P5,Peritrigeminal zone,#FFBA86,920.0,MBA:549009215,255.0,186.0,134.0,MBA:987,,0
Acs5,Accessory trigeminal nucleus,#FFBA86,921.0,MBA:549009219,255.0,186.0,134.0,MBA:987,,0
PC5,Parvicellular motor 5 nucleus,#FFBA86,922.0,MBA:549009223,255.0,186.0,134.0,MBA:987,,0
I5,Intertrigeminal nucleus,#FFBA86,923.0,MBA:549009227,255.0,186.0,134.0,MBA:987,,0
CS,Superior central nucleus raphe,#FFC395,925.0,MBA:679,255.0,195.0,149.0,MBA:1117,,1
LC,Locus ceruleus,#FFC395,928.0,MBA:147,255.0,195.0,149.0,MBA:1117,,0
LDT,Laterodorsal tegmental nucleus,#FFC395,929.0,MBA:162,255.0,195.0,149.0,MBA:1117,,0
NI,Nucleus incertus,#FFC395,930.0,MBA:604,255.0,195.0,149.0,MBA:1117,,0
PRNr,Pontine reticular nucleus,#FFC395,931.0,MBA:146,255.0,195.0,149.0,MBA:1117,,0
RPO,Nucleus raphe pontis,#FFC395,932.0,MBA:238,255.0,195.0,149.0,MBA:1117,,0
SLC,Subceruleus nucleus,#FFC395,933.0,MBA:350,255.0,195.0,149.0,MBA:1117,,0
SLD,Sublaterodorsal nucleus,#FFC395,934.0,MBA:358,255.0,195.0,149.0,MBA:1117,,0
AP,Area postrema,#FFA5D2,937.0,MBA:207,255.0,165.0,210.0,MBA:386,,0
DCO,Dorsal cochlear nucleus,#FFA5D2,941.0,MBA:96,255.0,165.0,210.0,MBA:607,,0
VCO,Ventral cochlear nucleus,#FFA5D2,942.0,MBA:101,255.0,165.0,210.0,MBA:607,,0
CU,Cuneate nucleus,#FFA5D2,944.0,MBA:711,255.0,165.0,210.0,MBA:720,,0
GR,Gracile nucleus,#FFA5D2,945.0,MBA:1039,255.0,165.0,210.0,MBA:720,,0
ECU,External cuneate nucleus,#FFA5D2,946.0,MBA:903,255.0,165.0,210.0,MBA:386,,0
NTB,Nucleus of the trapezoid body,#FFA5D2,947.0,MBA:642,255.0,165.0,210.0,MBA:386,,0
NTS,Nucleus of the solitary tract,#FFA5D2,948.0,MBA:651,255.0,165.0,210.0,MBA:386,,1
SPVC,"Spinal nucleus of the trigeminal, caudal part",#FFA5D2,954.0,MBA:429,255.0,165.0,210.0,MBA:386,,0
SPVI,"Spinal nucleus of the trigeminal, interpolar part",#FFA5D2,955.0,MBA:437,255.0,165.0,210.0,MBA:386,,0
SPVO,"Spinal nucleus of the trigeminal, oral part",#FFA5D2,956.0,MBA:445,255.0,165.0,210.0,MBA:386,,0
Pa5,Paratrigeminal nucleus,#FFA5D2,962.0,MBA:589508451,255.0,165.0,210.0,MBA:386,,0
VI,Abducens nucleus,#FFB3D9,965.0,MBA:653,255.0,179.0,217.0,MBA:370,,0
VII,Facial motor nucleus,#FFB3D9,967.0,MBA:661,255.0,179.0,217.0,MBA:370,,0
ACVII,Accessory facial motor nucleus,#FFB3D9,968.0,MBA:576,255.0,179.0,217.0,MBA:370,,0
AMB,Nucleus ambiguus,#FFB3D9,970.0,MBA:135,255.0,179.0,217.0,MBA:370,,0
DMX,Dorsal motor nucleus of the vagus nerve,#FFB3D9,973.0,MBA:839,255.0,179.0,217.0,MBA:370,,0
GRN,Gigantocellular reticular nucleus,#FFB3D9,975.0,MBA:1048,255.0,179.0,217.0,MBA:370,,0
ICB,Infracerebellar nucleus,#FFB3D9,976.0,MBA:372,255.0,179.0,217.0,MBA:370,,0
IO,Inferior olivary complex,#FFB3D9,977.0,MBA:83,255.0,179.0,217.0,MBA:370,,0
IRN,Intermediate reticular nucleus,#FFB3D9,978.0,MBA:136,255.0,179.0,217.0,MBA:370,,0
ISN,Inferior salivatory nucleus,#FFB3D9,979.0,MBA:106,255.0,179.0,217.0,MBA:370,,0
LIN,Linear nucleus of the medulla,#FFB3D9,980.0,MBA:203,255.0,179.0,217.0,MBA:370,,0
LRN,Lateral reticular nucleus,#FFB3D9,981.0,MBA:235,255.0,179.0,217.0,MBA:370,,0
MARN,Magnocellular reticular nucleus,#FFB3D9,984.0,MBA:307,255.0,179.0,217.0,MBA:370,,0
MDRN,Medullary reticular nucleus,#FFB3D9,985.0,MBA:395,255.0,179.0,217.0,MBA:370,,0
PARN,Parvicellular reticular nucleus,#FFB3D9,988.0,MBA:852,255.0,179.0,217.0,MBA:370,,0
PAS,Parasolitary nucleus,#FFB3D9,989.0,MBA:859,255.0,179.0,217.0,MBA:370,,0
PGRNd,"Paragigantocellular reticular nucleus, dorsal part",#FFB3D9,991.0,MBA:970,255.0,179.0,217.0,MBA:938,,0
PGRNl,"Paragigantocellular reticular nucleus, lateral part",#FFB3D9,992.0,MBA:978,255.0,179.0,217.0,MBA:938,,0
NR,Nucleus of Roller,#FFB3D9,995.0,MBA:177,255.0,179.0,217.0,MBA:154,,0
PRP,Nucleus prepositus,#FFB3D9,996.0,MBA:169,255.0,179.0,217.0,MBA:154,,0
PPY,Parapyramidal nucleus,#FFB3D9,998.0,MBA:1069,255.0,179.0,217.0,MBA:370,,0
LAV,Lateral vestibular nucleus,#FFB3D9,1002.0,MBA:209,255.0,179.0,217.0,MBA:701,,0
MV,Medial vestibular nucleus,#FFB3D9,1003.0,MBA:202,255.0,179.0,217.0,MBA:701,,0
SPIV,Spinal vestibular nucleus,#FFB3D9,1004.0,MBA:225,255.0,179.0,217.0,MBA:701,,0
SUV,Superior vestibular nucleus,#FFB3D9,1005.0,MBA:217,255.0,179.0,217.0,MBA:701,,0
x,Nucleus x,#FFB3D9,1006.0,MBA:765,255.0,179.0,217.0,MBA:370,,0
XII,Hypoglossal nucleus,#FFB3D9,1007.0,MBA:773,255.0,179.0,217.0,MBA:370,,0
y,Nucleus y,#FFB3D9,1008.0,MBA:781,255.0,179.0,217.0,MBA:370,,0
RM,Nucleus raphe magnus,#FFC6E2,1011.0,MBA:206,255.0,198.0,226.0,MBA:379,,0
RPA,Nucleus raphe pallidus,#FFC6E2,1012.0,MBA:230,255.0,198.0,226.0,MBA:379,,0
RO,Nucleus raphe obscurus,#FFC6E2,1013.0,MBA:222,255.0,198.0,226.0,MBA:379,,0
LING,Lingula (I),#FFFC91,1020.0,MBA:912,255.0,252.0,145.0,MBA:645,,0
CENT,Central lobule,#FFFC91,1024.0,MBA:920,255.0,252.0,145.0,MBA:645,,3
CUL,Culmen,#FFFC91,1033.0,MBA:928,255.0,252.0,145.0,MBA:645,,4
DEC,Declive (VI),#FFFC91,1046.0,MBA:936,255.0,252.0,145.0,MBA:645,,1
FOTU,Folium-tuber vermis (VII),#FFFC91,1050.0,MBA:944,255.0,252.0,145.0,MBA:645,,0
PYR,Pyramus (VIII),#FFFC91,1054.0,MBA:951,255.0,252.0,145.0,MBA:645,,0
UVU,Uvula (IX),#FFFC91,1058.0,MBA:957,255.0,252.0,145.0,MBA:645,,0
NOD,Nodulus (X),#FFFC91,1062.0,MBA:968,255.0,252.0,145.0,MBA:645,,2
SIM,Simple lobule,#FFFC91,1067.0,MBA:1007,255.0,252.0,145.0,MBA:1073,,0
AN,Ansiform lobule,#FFFC91,1071.0,MBA:1017,255.0,252.0,145.0,MBA:1073,,1
PRM,Paramedian lobule,#FFFC91,1080.0,MBA:1025,255.0,252.0,145.0,MBA:1073,,0
COPY,Copula pyramidis,#FFFC91,1084.0,MBA:1033,255.0,252.0,145.0,MBA:1073,,0
PFL,Paraflocculus,#FFFC91,1088.0,MBA:1041,255.0,252.0,145.0,MBA:1073,,1
FL,Flocculus,#FFFC91,1092.0,MBA:1049,255.0,252.0,145.0,MBA:1073,,0
FN,Fastigial nucleus,#FFFDBC,1097.0,MBA:989,255.0,253.0,188.0,MBA:519,,0
IP,Interposed nucleus,#FFFDBC,1098.0,MBA:91,255.0,253.0,188.0,MBA:519,,0
DN,Dentate nucleus,#FFFDBC,1099.0,MBA:846,255.0,253.0,188.0,MBA:519,,0
VeCB,Vestibulocerebellar nucleus,#FFFDBC,1100.0,MBA:589508455,255.0,253.0,188.0,MBA:519,,0
tn,terminal nerve,#CCCCCC,1103.0,MBA:885,204.0,204.0,204.0,MBA:967,,0
von,vomeronasal nerve,#CCCCCC,1104.0,MBA:949,204.0,204.0,204.0,MBA:967,,0
In,olfactory nerve,#CCCCCC,1105.0,MBA:840,204.0,204.0,204.0,MBA:967,,14
IIn,optic nerve,#CCCCCC,1112.0,MBA:848,204.0,204.0,204.0,MBA:967,,0
IIIn,oculomotor nerve,#CCCCCC,1119.0,MBA:832,204.0,204.0,204.0,MBA:967,,0
IVn,trochlear nerve,#CCCCCC,1122.0,MBA:911,204.0,204.0,204.0,MBA:967,,0
VIn,abducens nerve,#CCCCCC,1124.0,MBA:710,204.0,204.0,204.0,MBA:967,,0
Vn,trigeminal nerve,#CCCCCC,1125.0,MBA:901,204.0,204.0,204.0,MBA:967,,0
VIIn,facial nerve,#CCCCCC,1130.0,MBA:798,204.0,204.0,204.0,MBA:967,,0
VIIIn,vestibulocochlear nerve,#CCCCCC,1133.0,MBA:933,204.0,204.0,204.0,MBA:967,,0
IXn,glossopharyngeal nerve,#CCCCCC,1143.0,MBA:808,204.0,204.0,204.0,MBA:967,,0
Xn,vagus nerve,#CCCCCC,1144.0,MBA:917,204.0,204.0,204.0,MBA:967,,0
XIn,accessory spinal nerve,#CCCCCC,1146.0,MBA:717,204.0,204.0,204.0,MBA:967,,0
XIIn,hypoglossal nerve,#CCCCCC,1147.0,MBA:813,204.0,204.0,204.0,MBA:967,,0
vrt,ventral roots,#CCCCCC,1148.0,MBA:925,204.0,204.0,204.0,MBA:967,,0
drt,dorsal roots,#CCCCCC,1149.0,MBA:792,204.0,204.0,204.0,MBA:967,,0
sst,spinothalamic tract,#CCCCCC,1160.0,MBA:871,204.0,204.0,204.0,MBA:967,,0
cbc,cerebellar commissure,#CCCCCC,1172.0,MBA:744,204.0,204.0,204.0,MBA:960,,0
cbp,cerebellar peduncles,#CCCCCC,1173.0,MBA:752,204.0,204.0,204.0,MBA:960,,0
arb,arbor vitae,#CCCCCC,1188.0,MBA:728,204.0,204.0,204.0,MBA:960,,1
cc,corpus callosum,#CCCCCC,1191.0,MBA:776,204.0,204.0,204.0,MBA:983,,3
cst,corticospinal tract,#CCCCCC,1200.0,MBA:784,204.0,204.0,204.0,MBA:983,,0
lfbst,thalamus related,#CCCCCC,1211.0,MBA:896,204.0,204.0,204.0,MBA:983,,0
epsc,cerebral nuclei related,#CCCCCC,1219.0,MBA:760,204.0,204.0,204.0,MBA:1000,,0
tsp,tectospinal pathway,#CCCCCC,1226.0,MBA:877,204.0,204.0,204.0,MBA:1000,,0
rust,rubrospinal tract,#CCCCCC,1230.0,MBA:863,204.0,204.0,204.0,MBA:1000,,0
ctb,central tegmental bundle,#CCCCCC,1233.0,MBA:736,204.0,204.0,204.0,MBA:1000,,0
rst,retriculospinal tract,#CCCCCC,1234.0,MBA:855,204.0,204.0,204.0,MBA:1000,,0
vsp,vestibulospinal pathway,#CCCCCC,1237.0,MBA:941,204.0,204.0,204.0,MBA:1000,,0
mfbc,cerebrum related,#CCCCCC,1239.0,MBA:768,204.0,204.0,204.0,MBA:991,,2
mfsbshy,hypothalamus related,#CCCCCC,1261.0,MBA:824,204.0,204.0,204.0,MBA:991,,0
RC,rhinocele,#AAAAAA,1294.0,MBA:89,170.0,170.0,170.0,MBA:81,,0
SEZ,subependymal zone,#AAAAAA,1295.0,MBA:98,170.0,170.0,170.0,MBA:81,,4
chpl,choroid plexus,#AAAAAA,1296.0,MBA:108,170.0,170.0,170.0,MBA:81,,0
chfl,choroid fissure,#AAAAAA,1297.0,MBA:116,170.0,170.0,170.0,MBA:81,,0
V4r,lateral recess,#AAAAAA,1302.0,MBA:153,170.0,170.0,170.0,MBA:145,,0
unassigned,unassigned,#000000,1327.3,,0.0,0.0,0.0,,,0
brain-unassigned,"brain, unassigned",#FFFFFF,0.3,MBA:997,255.0,255.0,255.0,,,6825
Isocortex-unassigned,"Isocortex, unassigned",70FF71,,MBA:315,,,,,,2498
OLF-unassigned,"Olfactory areas, unassigned",#9AD2BD,379.3,MBA:698,154.0,210.0,189.0,,,1388
HPF-unassigned,"Hippocampal formation, unassigned",#7ED04B,454.3,MBA:1089,126.0,208.0,75.0,,,2734
CTXsp-unassigned,"Cortical subplate, unassigned",#8ADA87,555.3,MBA:703,138.0,218.0,135.0,,,0
STR-unassigned,"Striatum, unassigned",#98D6F9,571.3,MBA:477,152.0,214.0,249.0,,,116
PAL-unassigned,"Pallidum, unassigned",#8599CC,608.3,MBA:803,133.0,153.0,204.0,,,34
TH-unassigned,"Thalamus, unassigned",#FF7080,641.3,MBA:549,255.0,112.0,128.0,,,1
HY-unassigned,"Hypothalamus, unassigned",#E64438,715.3,MBA:1097,230.0,68.0,56.0,,,3
MB-unassigned,"Midbrain, unassigned",#FF64FF,806.3,MBA:313,255.0,100.0,255.0,,,0
P-unassigned,"Pons, unassigned",#FF9B88,883.3,MBA:771,255.0,155.0,136.0,,,2
MY-unassigned,"Medulla, unassigned",#FF9BCD,935.3,MBA:354,255.0,155.0,205.0,,,1
CB-unassigned,"Cerebellum, unassigned",#F0F080,1014.3,MBA:512,240.0,240.0,128.0,,,12
fiber tracts-unassigned,"fiber tracts, unassigned",#CCCCCC,1101.3,MBA:1009,204.0,204.0,204.0,,,22
scwm-unassigned,"supra-callosal cerebral white matter, unassigned",#CCCCCC,1189.3,MBA:484682512,204.0,204.0,204.0,,,0
VL-unassigned,"lateral ventricle, unassigned",#AAAAAA,1293.3,MBA:81,170.0,170.0,170.0,,,10
V3-unassigned,"third ventricle, unassigned",#AAAAAA,1299.3,MBA:129,170.0,170.0,170.0,,,0
AQ,cerebral aqueduct,#AAAAAA,1300.3,MBA:140,170.0,170.0,170.0,,,0
V4-unassigned,"fourth ventricle, unassigned",#AAAAAA,1301.3,MBA:145,170.0,170.0,170.0,,,0
c,"central canal, spinal cord/medulla",#AAAAAA,1303.3,MBA:164,170.0,170.0,170.0,,,0
